<?xml version="1.0" encoding="UTF-8"?>
<project-private xmlns="http://www.netbeans.org/ns/project-private/1">
    <editor-bookmarks xmlns="http://www.netbeans.org/ns/editor-bookmarks/2" lastBookmarkId="0"/>
    <open-files xmlns="http://www.netbeans.org/ns/projectui-open-files/2">
        <group>
            <file>file:/C:/Users/Jairo/OneDrive/Escritorio/Ingenieria%20en%20sistemas%204to.%20semestre/Programación%202/New%20Folder/Banco/src/banco/Banco.java</file>
            <file>file:/C:/Users/Jairo/OneDrive/Escritorio/Ingenieria%20en%20sistemas%204to.%20semestre/Programación%202/New%20Folder/Banco/src/banco/Cuenta.java</file>
        </group>
    </open-files>
</project-private>
